{"0.44": 0.009759265819795198, "0.76": 0.01295612126119743, "0.62": 0.006317796109789632, "1.56": 0.0016026452080908278, "0.86": 0.0065118005297164164, "0.36": 0.022723822055772055, "0.33": 0.023364880139008386, "0.97": 0.004807935624272484, "0.29": 0.01309951583244766, "0.32": 0.0035511243821380973, "0.56": 0.015258869375980566, "1.59": 0.0027076269041955564, "0.84": 0.007060073890379067, "1.03": 0.008991683114867487, "0.28": 0.014061102957302158, "1.16": 0.0043271420618452355, "1.28": 0.002699191929416131, "1.55": 0.0009109772761779442, "0.78": 0.012188538556269717, "0.79": 0.00862054422457277, "1.09": 0.006073181841186295, "0.85": 0.009362822005162204, "1.34": 0.0020328289218415237, "0.14": 0.00319685544140223, "1.36": 0.0028594564502252137, "1.61": 0.0019231742497089934, "0.48": 0.02797037636857466, "0.13": 0.004377751910521787, "1.13": 0.0037619987516237328, "1.11": 0.013217605479359617, "0.31": 0.008696458997587597, "0.59": 0.00863741417413162, "1.91": 0.00034583396595644177, "1.14": 0.0022099633922094573, "0.66": 0.011024512036709011, "1.2": 0.0062924911854513555, "0.26": 0.0022099633922094573, "0.71": 0.01595053730789345, "0.68": 0.0031631155422845287, "0.82": 0.005718912900450427, "0.42": 0.010973902188032458, "0.99": 0.007178163537291024, "1.35": 0.00915194763567657, "1.0": 0.0058876123960389356, "0.25": 0.012846466589064898, "0.06": 0.0009194122509573697, "0.57": 0.014035798032963882, "0.65": 0.006899809369569985, "0.6": 0.008612109249793344, "1.38": 0.001501425510737723, "0.54": 0.008612109249793344, "0.47": 0.013436914823624677, "0.92": 0.006613020227069521, "0.75": 0.016768729861497713, "0.3": 0.01067867807075257, "1.12": 0.0051453346154495, "1.26": 0.006866069470452284, "1.46": 0.004057222868903622, "1.7": 0.0007085378814717344, "1.05": 0.003610169205594075, "0.91": 0.0073384280581001065, "1.19": 0.0017460397793410598, "1.31": 0.0014761205863994466, "0.61": 0.012053578959798911, "0.17": 0.006233446361995377, "1.62": 0.0010881117465458777, "0.72": 0.01100764208715016, "0.81": 0.005634563152656174, "1.33": 0.003812608600300285, "0.23": 0.0030197209710342964, "0.38": 0.007954181216998162, "0.45": 0.011328171128768326, "0.73": 0.013428479848845251, "1.53": 0.0008266275283836901, "0.7": 0.005955092194274339, "0.41": 0.007869831469203907, "0.89": 0.008494019602881387, "0.51": 0.02243703291327159, "1.73": 0.0013327260151492148, "1.37": 0.006157531588980549, "0.55": 0.01207044890935776, "0.93": 0.010737722894208546, "0.67": 0.006014137017730317, "0.34": 0.005339339035376285, "1.27": 0.0032390303152993573, "1.45": 0.0030112859962548714, "1.52": 0.001442380687281745, "0.53": 0.009818310643251177, "1.08": 0.00422592236449213, "0.74": 0.006553975403613543, "0.88": 0.00970022099633922, "0.37": 0.0045633213556691464, "1.49": 0.0010543718474281762, "1.64": 0.00048079356242724836, "0.35": 0.008131315687366095, "0.95": 0.004512711506992594, "0.43": 0.005035679943316969, "0.11": 0.0009109772761779442, "0.94": 0.003441469710005567, "0.58": 0.005761087774347555, "1.07": 0.0030956357440491255, "0.9": 0.006705804949643201, "1.06": 0.006916679319128836, "0.2": 0.0019822190731649714, "0.63": 0.01192705433810753, "1.01": 0.004504276532213168, "0.52": 0.01245845774921133, "1.47": 0.0024461426860333687, "0.27": 0.00711068373905562, "1.92": 0.000185569445147359, "1.51": 0.0002783541677210385, "0.16": 0.004664541053022252, "1.39": 0.0050609848676552455, "1.3": 0.0052634242623614555, "0.5": 0.013386304974948126, "0.46": 0.018708774060765557, "0.87": 0.0072119034364087255, "1.15": 0.004293402162727534, "0.98": 0.004504276532213168, "0.24": 0.0033908598613290146, "0.8": 0.006882939420011134, "1.85": 0.0004554886380889721, "2.13": 8.434974779425409e-05, "1.21": 0.003298075138755335, "1.17": 0.0029438061980194678, "1.04": 0.0025811022825041755, "0.18": 0.005550213404861919, "1.79": 0.0009025423013985188, "2.1": 1.686994955885082e-05, "2.76": 5.060984867655246e-05, "1.72": 0.0010459368726487507, "1.99": 0.0004892285372066738, "1.67": 0.0003120940668387402, "0.49": 0.012652462169138115, "1.4": 0.0006916679319128835, "2.21": 4.2174873897127046e-05, "0.4": 0.007102248764276195, "1.22": 0.0007085378814717344, "1.66": 0.0005735782850009278, "0.64": 0.0066045852522900956, "1.98": 0.00026991919294161313, "1.25": 0.006275621235892505, "1.43": 0.0021930934426506064, "1.84": 0.0016954299306645073, "1.81": 0.000986892049192773, "1.77": 0.0007675827049277123, "1.65": 0.0006747979823540327, "1.93": 0.0002446142686033369, "0.22": 0.006756414798319753, "1.02": 0.0034499046847849923, "0.69": 0.017333873171719215, "2.17": 5.904482345597787e-05, "1.54": 0.0012821161664726623, "1.57": 0.0007085378814717344, "2.09": 0.00032052904161816557, "1.29": 0.0018303895271353139, "1.87": 0.00041331376419184506, "1.5": 0.0033402500126524623, "1.48": 0.0027919766519898105, "1.71": 0.0005904482345597786, "1.23": 0.0020665688209592255, "0.96": 0.001298986116031513, "1.42": 0.0004976635119860992, "0.83": 0.008249405334278051, "2.74": 1.686994955885082e-05, "0.39": 0.001990654047944397, "1.76": 0.0020075239975032473, "0.77": 0.004141572616697876, "1.94": 0.0004639236128683975, "1.63": 0.0010796767717664525, "7819.37": 1.686994955885082e-05, "1.1": 0.0020496988714003746, "1.24": 0.0006157531588980549, "0.1": 0.0006241881336774803, "0.09": 0.0016869949558850818, "1.69": 0.001990654047944397, "7820.75": 2.530492433827623e-05, "0.12": 0.000556708335442077, "2.37": 5.060984867655246e-05, "7820.74": 2.530492433827623e-05, "0.19": 0.0019400441992678441, "2.8": 1.686994955885082e-05, "2.18": 5.904482345597787e-05, "1.75": 0.0005398383858832263, "2.45": 8.434974779425409e-05, "0.15": 0.0006494930580157565, "7819.9": 8.43497477942541e-06, "1.32": 0.0019063043001501425, "2.22": 0.001071241796987027, "1.58": 0.0007591477301482868, "1.86": 0.0005651433102215024, "0.08": 0.001383335863825767, "1.82": 0.0002867891425004639, "1.18": 0.0005398383858832263, "2.39": 4.2174873897127046e-05, "2.14": 0.00011808964691195574, "0.07": 0.0005398383858832263, "1.97": 0.00010965467213253033, "2.46": 0.00016026452080908279, "1.6": 0.00023617929382391148, "7820.18": 3.373989911770164e-05, "1.78": 0.0003627039155152926, "1.89": 0.00021087436948563523, "1.68": 0.0006832329571334582, "1.44": 0.0018050846027970375, "2.31": 3.373989911770164e-05, "2.27": 0.00010121969735310492, "2.38": 3.373989911770164e-05, "1.9": 0.00010121969735310492, "1.8": 0.000371138890294718, "2.79": 5.060984867655246e-05, "1.88": 0.00020243939470620983, "2.06": 0.0003120940668387402, "7819.55": 8.43497477942541e-06, "7819.97": 7.591477301482868e-05, "2.16": 3.373989911770164e-05, "2.04": 4.2174873897127046e-05, "1.96": 0.00022774431904448605, "2.08": 0.00010121969735310492, "0.21": 0.0017038649054439328, "2.02": 6.747979823540328e-05, "2.41": 0.00016026452080908279, "1.74": 0.0007928876292659885, "7820.67": 8.43497477942541e-06, "1.83": 0.00021930934426506066, "2.0": 5.060984867655246e-05, "1.41": 0.0001940044199267844, "7821.12": 8.43497477942541e-06, "7820.41": 2.530492433827623e-05, "7819.67": 8.43497477942541e-06, "2.24": 8.434974779425409e-05, "2.26": 4.2174873897127046e-05, "2.01": 0.00016869949558850818, "2.03": 0.0003795738650741434, "2.05": 7.591477301482868e-05, "7820.82": 8.43497477942541e-06, "7819.7": 8.43497477942541e-06, "7821.07": 2.530492433827623e-05, "7819.45": 8.43497477942541e-06, "7821.4": 2.530492433827623e-05, "2.62": 8.43497477942541e-06, "2.15": 1.686994955885082e-05, "2.07": 4.2174873897127046e-05, "2.28": 1.686994955885082e-05, "2.3": 0.00011808964691195574, "7821.46": 8.43497477942541e-06, "1.95": 2.530492433827623e-05, "7819.57": 8.43497477942541e-06, "2.32": 0.0002530492433827623, "2.2": 4.2174873897127046e-05, "2.11": 5.060984867655246e-05, "2.67": 1.686994955885082e-05, "2.69": 1.686994955885082e-05, "2.53": 2.530492433827623e-05, "2.56": 8.43497477942541e-06, "2.29": 1.686994955885082e-05, "0.0": 8.43497477942541e-06, "2.47": 8.43497477942541e-06, "5.2": 0.00051453346154495, "13.65": 8.43497477942541e-06,