{"0.0": 8.437821691952006e-06, "0.06": 0.0009197225644227686, "0.07": 0.0005400205882849284, "0.08": 0.001383802757480129, "0.09": 0.001687564338390401, "0.1": 0.0006243988052044484, "0.11": 0.0009112847427308166, "0.12": 0.0005568962316688324, "0.13": 0.004379229458123091, "0.14": 0.00319793442124981, "0.15": 0.0006497122702803044, "0.16": 0.00466611539564946, "0.17": 0.0062355502303525325, "0.18": 0.0055520866733044195, "0.19": 0.0019406989891489613, "0.2": 0.0019828880976087214, "0.21": 0.0017044399817743052, "0.22": 0.006758695175253557, "0.23": 0.003020740165718818, "0.24": 0.0033920043201647065, "0.25": 0.012850802436842905, "0.26": 0.0022107092832914254, "0.27": 0.007113083686315541, "0.28": 0.014065848760483994, "0.29": 0.013103937087601466, "0.3": 0.010682282262011239, "0.31": 0.008699394164402519, "0.32": 0.0035523229323117943, "0.33": 0.023372766086707054, "0.34": 0.005341141131005619, "0.35": 0.008134060111041733, "0.36": 0.022731491638118703, "0.37": 0.004564861535346035, "0.38": 0.00795686585551074, "0.39": 0.0019913259193006733, "0.4": 0.007104645864623589, "0.41": 0.00787248763859122, "0.42": 0.010977606021229559, "0.43": 0.0050373795500953476, "0.44": 0.00976255969758847, "0.45": 0.011331994532291544, "0.46": 0.01871508851274955, "0.47": 0.013441449955279546, "0.48": 0.02797981673051285, "0.49": 0.012656732537928008, "0.5": 0.013390823025127833, "0.51": 0.022444605700592334, "0.52": 0.012462662639013113, "0.53": 0.009821624449432135, "0.54": 0.008615015947482998, "0.55": 0.01207452284118332, "0.56": 0.015264019440741178, "0.57": 0.014040535295408137, "0.58": 0.00576303221560322, "0.59": 0.008640329412558854, "0.6": 0.008615015947482998, "0.61": 0.012057647197799417, "0.62": 0.0063199284472720526, "0.63": 0.011931079872420137, "0.64": 0.0066068143847984205, "0.65": 0.006902138144016741, "0.66": 0.011028232951381271, "0.67": 0.00601616686636178, "0.68": 0.003164183134482002, "0.69": 0.017339723576961372, "0.7": 0.005957102114518116, "0.71": 0.01595592081948124, "0.72": 0.011011357307997367, "0.73": 0.013433012133587593, "0.74": 0.006556187454646708, "0.75": 0.016774389523600587, "0.76": 0.01296049411883828, "0.77": 0.004142970450748434, "0.78": 0.012192652344870648, "0.79": 0.008623453769174949, "0.8": 0.006885262500632837, "0.81": 0.00563646489022394, "0.82": 0.00572084310714346, "0.83": 0.008252189614729061, "0.84": 0.0070624567561638285, "0.85": 0.009365982078066727, "0.86": 0.006513998346186948, "0.87": 0.007214337546618965, "0.88": 0.009703494945744807, "0.89": 0.008496886443795669, "0.9": 0.006708068245101844, "0.91": 0.007340904871998245, "0.92": 0.006615252206490373, "0.93": 0.010741347013854903, "0.94": 0.0034426312503164185, "0.95": 0.004514234605194323, "0.96": 0.0012994245405606088, "0.97": 0.0048095583644126435, "0.98": 0.004505796783502371, "0.99": 0.007180586259851157, "1.0": 0.0058895995409825, "1.01": 0.004505796783502371, "1.02": 0.0034510690720083704, "1.03": 0.008994717923620839, "1.04": 0.002581973437737314, "1.05": 0.0036113876841554586, "1.06": 0.006919013787400645, "1.07": 0.0030966805609463862, "1.08": 0.0042273486676679545, "1.09": 0.006075231618205444, "1.1": 0.002050390671144337, "1.11": 0.013222066591288793, "1.12": 0.005147071232090724, "1.13": 0.0037632684746105945, "1.14": 0.0022107092832914254, "1.15": 0.004294851241203571, "1.16": 0.004328602527971379, "1.17": 0.00294479977049125, "1.18": 0.0005400205882849284, "1.19": 0.0017466290902340652, "1.2": 0.006294614982196196, "1.21": 0.003299188281553234, "1.22": 0.0007087770221239685, "1.23": 0.0020672663145282415, "1.24": 0.0006159609835124964, "1.25": 0.0062777393388122925, "1.26": 0.006868386857248932, "1.27": 0.00324012352970957, "1.28": 0.0027001029414246416, "1.29": 0.0018310073071535853, "1.3": 0.005265200735778052, "1.31": 0.001476618796091601, "1.32": 0.0019069477023811532, "1.33": 0.0038138954047623064, "1.34": 0.0020335150277604333, "1.35": 0.009155036535767927, "1.36": 0.00286042155357173, "1.37": 0.006159609835124964, "1.38": 0.0015019322611674571, "1.39": 0.005062693015171204, "1.4": 0.0006919013787400645, "1.41": 0.00019406989891489613, "1.42": 0.0004978314798251683, "1.43": 0.0021938336399075216, "1.44": 0.0018056938420777293, "1.45": 0.003012302344026866, "1.46": 0.004058592233828914, "1.47": 0.002446968290666082, "1.48": 0.002792918980036114, "1.49": 0.0010547277114940007, "1.5": 0.003341377390012994, "1.51": 0.0002784481158344162, "1.52": 0.001442867509323793, "1.53": 0.0008269065258112966, "1.54": 0.0012825488971767048, "1.55": 0.0009112847427308166, "1.56": 0.001603186121470881, "1.57": 0.0007087770221239685, "1.58": 0.0007594039522756805, "1.59": 0.002708540763116594, "1.6": 0.00023625900737465615, "1.61": 0.0019238233457650573, "1.62": 0.0010884789982618086, "1.63": 0.0010800411765698567, "1.64": 0.0004809558364412643, "1.65": 0.0006750257353561604, "1.66": 0.0005737718750527364, "1.67": 0.0003121994026022242, "1.68": 0.0006834635570481124, "1.69": 0.0019913259193006733, "1.7": 0.0007087770221239685, "1.71": 0.0005906475184366404, "1.72": 0.0010462898898020486, "1.73": 0.001333175827328417, "1.74": 0.0007931552390434885, "1.75": 0.0005400205882849284, "1.76": 0.002008201562684577, "1.77": 0.0007678417739676325, "1.78": 0.00036282633275393623, "1.79": 0.0009028469210388647, "1.8": 0.00037126415444588826, "1.81": 0.0009872251379583847, "1.82": 0.0002868859375263682, "1.83": 0.00021938336399075214, "1.84": 0.0016960021600823532, "1.85": 0.0004556423713654083, "1.86": 0.0005653340533607843, "1.87": 0.0004134532629056483, "1.88": 0.00020250772060684814, "1.89": 0.00021094554229880014, "1.9": 0.00010125386030342407, "1.91": 0.00034595068937003223, "1.92": 0.00018563207722294413, "1.93": 0.00024469682906660815, "1.94": 0.0004640801930573603, "1.95": 2.5313465075856017e-05, "1.96": 0.00022782118568270414, "1.97": 0.00010969168199537607, "1.98": 0.0002700102941424642, "1.99": 0.0004893936581332163, "2.0": 5.0626930151712034e-05, "2.01": 0.0001687564338390401, "2.02": 6.750257353561605e-05, "2.03": 0.00037970197613784024, "2.04": 4.2189108459760025e-05, "2.05": 7.594039522756805e-05, "2.06": 0.0003121994026022242, "2.07": 4.2189108459760025e-05, "2.08": 0.00010125386030342407, "2.09": 0.0003206372242941762, "2.1": 1.687564338390401e-05, "2.11": 5.0626930151712034e-05, "2.13": 8.437821691952005e-05, "2.14": 0.00011812950368732807, "2.15": 1.687564338390401e-05, "2.16": 3.375128676780802e-05, "2.17": 5.9064751843664036e-05, "2.18": 5.9064751843664036e-05, "2.2": 4.2189108459760025e-05, "2.21": 4.2189108459760025e-05, "2.22": 0.0010716033548779048, "2.24": 8.437821691952005e-05, "2.26": 4.2189108459760025e-05, "2.27": 0.00010125386030342407, "2.28": 1.687564338390401e-05, "2.29": 1.687564338390401e-05, "2.3": 0.00011812950368732807, "2.31": 3.375128676780802e-05, "2.32": 0.0002531346507585602, "2.37": 5.0626930151712034e-05, "2.38": 3.375128676780802e-05, "2.39": 4.2189108459760025e-05, "2.41": 0.0001603186121470881, "2.45": 8.437821691952005e-05, "2.46": 0.0001603186121470881, "2.47": 8.437821691952006e-06, "2.53": 2.5313465075856017e-05, "2.56": 8.437821691952006e-06, "2.62": 8.437821691952006e-06, "2.67": 1.687564338390401e-05, "2.69": 1.687564338390401e-05, "2.74": 1.687564338390401e-05, "2.76": 5.0626930151712034e-05, "2.79": 5.0626930151712034e-05, "2.8": 1.687564338390401e-05, "5.2": 0.0005147071232090724, "7.64": 8.437821691952006e-06, "7.91": 1.687564338390401e-05, "8.0": 5.0626930151712034e-05, "12.33": 8.437821691952006e-06, "12.97": 8.437821691952006e-06, "13.65": 8.437821691952006e-06, "14.09": 8.437821691952006e-06}